<?xml version="1.0" encoding="UTF-8" standalone="yes"?>
<ns2:scaleSymbolList xmlns:ns2="http://www.wwidesigner.com/Tuning">
    <name>Scientific Symbols</name>
    <comment>The scientific symbols in 11 octaves.</comment>
    <scaleSymbol>C-1</scaleSymbol>
    <scaleSymbol>C#-1</scaleSymbol>
    <scaleSymbol>Db-1</scaleSymbol>
    <scaleSymbol>D-1</scaleSymbol>
    <scaleSymbol>D#-1</scaleSymbol>
    <scaleSymbol>Eb-1</scaleSymbol>
    <scaleSymbol>E-1</scaleSymbol>
    <scaleSymbol>F-1</scaleSymbol>
    <scaleSymbol>F#-1</scaleSymbol>
    <scaleSymbol>Gb-1</scaleSymbol>
    <scaleSymbol>G-1</scaleSymbol>
    <scaleSymbol>G#-1</scaleSymbol>
    <scaleSymbol>Ab-1</scaleSymbol>
    <scaleSymbol>A-1</scaleSymbol>
    <scaleSymbol>A#-1</scaleSymbol>
    <scaleSymbol>Bb-1</scaleSymbol>
    <scaleSymbol>B-1</scaleSymbol>
    <scaleSymbol>C0</scaleSymbol>
    <scaleSymbol>C#0</scaleSymbol>
    <scaleSymbol>Db0</scaleSymbol>
    <scaleSymbol>D0</scaleSymbol>
    <scaleSymbol>D#0</scaleSymbol>
    <scaleSymbol>Eb0</scaleSymbol>
    <scaleSymbol>E0</scaleSymbol>
    <scaleSymbol>F0</scaleSymbol>
    <scaleSymbol>F#0</scaleSymbol>
    <scaleSymbol>Gb0</scaleSymbol>
    <scaleSymbol>G0</scaleSymbol>
    <scaleSymbol>G#0</scaleSymbol>
    <scaleSymbol>Ab0</scaleSymbol>
    <scaleSymbol>A0</scaleSymbol>
    <scaleSymbol>A#0</scaleSymbol>
    <scaleSymbol>Bb0</scaleSymbol>
    <scaleSymbol>B0</scaleSymbol>
    <scaleSymbol>C1</scaleSymbol>
    <scaleSymbol>C#1</scaleSymbol>
    <scaleSymbol>Db1</scaleSymbol>
    <scaleSymbol>D1</scaleSymbol>
    <scaleSymbol>D#1</scaleSymbol>
    <scaleSymbol>Eb1</scaleSymbol>
    <scaleSymbol>E1</scaleSymbol>
    <scaleSymbol>F1</scaleSymbol>
    <scaleSymbol>F#1</scaleSymbol>
    <scaleSymbol>Gb1</scaleSymbol>
    <scaleSymbol>G1</scaleSymbol>
    <scaleSymbol>G#1</scaleSymbol>
    <scaleSymbol>Ab1</scaleSymbol>
    <scaleSymbol>A1</scaleSymbol>
    <scaleSymbol>A#1</scaleSymbol>
    <scaleSymbol>Bb1</scaleSymbol>
    <scaleSymbol>B1</scaleSymbol>
    <scaleSymbol>C2</scaleSymbol>
    <scaleSymbol>C#2</scaleSymbol>
    <scaleSymbol>Db2</scaleSymbol>
    <scaleSymbol>D2</scaleSymbol>
    <scaleSymbol>D#2</scaleSymbol>
    <scaleSymbol>Eb2</scaleSymbol>
    <scaleSymbol>E2</scaleSymbol>
    <scaleSymbol>F2</scaleSymbol>
    <scaleSymbol>F#2</scaleSymbol>
    <scaleSymbol>Gb2</scaleSymbol>
    <scaleSymbol>G2</scaleSymbol>
    <scaleSymbol>G#2</scaleSymbol>
    <scaleSymbol>Ab2</scaleSymbol>
    <scaleSymbol>A2</scaleSymbol>
    <scaleSymbol>A#2</scaleSymbol>
    <scaleSymbol>Bb2</scaleSymbol>
    <scaleSymbol>B2</scaleSymbol>
    <scaleSymbol>C3</scaleSymbol>
    <scaleSymbol>C#3</scaleSymbol>
    <scaleSymbol>Db3</scaleSymbol>
    <scaleSymbol>D3</scaleSymbol>
    <scaleSymbol>D#3</scaleSymbol>
    <scaleSymbol>Eb3</scaleSymbol>
    <scaleSymbol>E3</scaleSymbol>
    <scaleSymbol>F3</scaleSymbol>
    <scaleSymbol>F#3</scaleSymbol>
    <scaleSymbol>Gb3</scaleSymbol>
    <scaleSymbol>G3</scaleSymbol>
    <scaleSymbol>G#3</scaleSymbol>
    <scaleSymbol>Ab3</scaleSymbol>
    <scaleSymbol>A3</scaleSymbol>
    <scaleSymbol>A#3</scaleSymbol>
    <scaleSymbol>Bb3</scaleSymbol>
    <scaleSymbol>B3</scaleSymbol>
    <scaleSymbol>C4</scaleSymbol>
    <scaleSymbol>C#4</scaleSymbol>
    <scaleSymbol>Db4</scaleSymbol>
    <scaleSymbol>D4</scaleSymbol>
    <scaleSymbol>D#4</scaleSymbol>
    <scaleSymbol>Eb4</scaleSymbol>
    <scaleSymbol>E4</scaleSymbol>
    <scaleSymbol>F4</scaleSymbol>
    <scaleSymbol>F#4</scaleSymbol>
    <scaleSymbol>Gb4</scaleSymbol>
    <scaleSymbol>G4</scaleSymbol>
    <scaleSymbol>G#4</scaleSymbol>
    <scaleSymbol>Ab4</scaleSymbol>
    <scaleSymbol>A4</scaleSymbol>
    <scaleSymbol>A#4</scaleSymbol>
    <scaleSymbol>Bb4</scaleSymbol>
    <scaleSymbol>B4</scaleSymbol>
    <scaleSymbol>C5</scaleSymbol>
    <scaleSymbol>C#5</scaleSymbol>
    <scaleSymbol>Db5</scaleSymbol>
    <scaleSymbol>D5</scaleSymbol>
    <scaleSymbol>D#5</scaleSymbol>
    <scaleSymbol>Eb5</scaleSymbol>
    <scaleSymbol>E5</scaleSymbol>
    <scaleSymbol>F5</scaleSymbol>
    <scaleSymbol>F#5</scaleSymbol>
    <scaleSymbol>Gb5</scaleSymbol>
    <scaleSymbol>G5</scaleSymbol>
    <scaleSymbol>G#5</scaleSymbol>
    <scaleSymbol>Ab5</scaleSymbol>
    <scaleSymbol>A5</scaleSymbol>
    <scaleSymbol>A#5</scaleSymbol>
    <scaleSymbol>Bb5</scaleSymbol>
    <scaleSymbol>B5</scaleSymbol>
    <scaleSymbol>C6</scaleSymbol>
    <scaleSymbol>C#6</scaleSymbol>
    <scaleSymbol>Db6</scaleSymbol>
    <scaleSymbol>D6</scaleSymbol>
    <scaleSymbol>D#6</scaleSymbol>
    <scaleSymbol>Eb6</scaleSymbol>
    <scaleSymbol>E6</scaleSymbol>
    <scaleSymbol>F6</scaleSymbol>
    <scaleSymbol>F#6</scaleSymbol>
    <scaleSymbol>Gb6</scaleSymbol>
    <scaleSymbol>G6</scaleSymbol>
    <scaleSymbol>G#6</scaleSymbol>
    <scaleSymbol>Ab6</scaleSymbol>
    <scaleSymbol>A6</scaleSymbol>
    <scaleSymbol>A#6</scaleSymbol>
    <scaleSymbol>Bb6</scaleSymbol>
    <scaleSymbol>B6</scaleSymbol>
    <scaleSymbol>C7</scaleSymbol>
    <scaleSymbol>C#7</scaleSymbol>
    <scaleSymbol>Db7</scaleSymbol>
    <scaleSymbol>D7</scaleSymbol>
    <scaleSymbol>D#7</scaleSymbol>
    <scaleSymbol>Eb7</scaleSymbol>
    <scaleSymbol>E7</scaleSymbol>
    <scaleSymbol>F7</scaleSymbol>
    <scaleSymbol>F#7</scaleSymbol>
    <scaleSymbol>Gb7</scaleSymbol>
    <scaleSymbol>G7</scaleSymbol>
    <scaleSymbol>G#7</scaleSymbol>
    <scaleSymbol>Ab7</scaleSymbol>
    <scaleSymbol>A7</scaleSymbol>
    <scaleSymbol>A#7</scaleSymbol>
    <scaleSymbol>Bb7</scaleSymbol>
    <scaleSymbol>B7</scaleSymbol>
    <scaleSymbol>C8</scaleSymbol>
    <scaleSymbol>C#8</scaleSymbol>
    <scaleSymbol>Db8</scaleSymbol>
    <scaleSymbol>D8</scaleSymbol>
    <scaleSymbol>D#8</scaleSymbol>
    <scaleSymbol>Eb8</scaleSymbol>
    <scaleSymbol>E8</scaleSymbol>
    <scaleSymbol>F8</scaleSymbol>
    <scaleSymbol>F#8</scaleSymbol>
    <scaleSymbol>Gb8</scaleSymbol>
    <scaleSymbol>G8</scaleSymbol>
    <scaleSymbol>G#8</scaleSymbol>
    <scaleSymbol>Ab8</scaleSymbol>
    <scaleSymbol>A8</scaleSymbol>
    <scaleSymbol>A#8</scaleSymbol>
    <scaleSymbol>Bb8</scaleSymbol>
    <scaleSymbol>B8</scaleSymbol>
    <scaleSymbol>C9</scaleSymbol>
    <scaleSymbol>C#9</scaleSymbol>
    <scaleSymbol>Db9</scaleSymbol>
    <scaleSymbol>D9</scaleSymbol>
    <scaleSymbol>D#9</scaleSymbol>
    <scaleSymbol>Eb9</scaleSymbol>
    <scaleSymbol>E9</scaleSymbol>
    <scaleSymbol>F9</scaleSymbol>
    <scaleSymbol>F#9</scaleSymbol>
    <scaleSymbol>Gb9</scaleSymbol>
    <scaleSymbol>G9</scaleSymbol>
    <scaleSymbol>G#9</scaleSymbol>
    <scaleSymbol>Ab9</scaleSymbol>
    <scaleSymbol>A9</scaleSymbol>
    <scaleSymbol>A#9</scaleSymbol>
    <scaleSymbol>Bb9</scaleSymbol>
    <scaleSymbol>B9</scaleSymbol>
</ns2:scaleSymbolList>
