<?xml version="1.0" encoding="utf-8"?>
<wit:tuning xmlns:xsi="http://www.w3.org/2001/XMLSchema-instance"
         xmlns:wit="http://www.wwidesigner.com/Tuning"
         xsi:schemaLocation="http://www.wwidesigner.com/Tuning ../Tuning.xsd ">

	<name>Low D JI Tuning</name>
	<comment>6-hole whistle, low D, Just Intonation tuning.</comment>
	<numberOfHoles>6</numberOfHoles>
	<fingering>
		<note>
			<name>D</name>
			<frequency>293.66</frequency>
		</note>
		<openHole>false</openHole><openHole>false</openHole><openHole>false</openHole>
		<openHole>false</openHole><openHole>false</openHole><openHole>false</openHole>
	</fingering>
	<fingering>
		<note>
			<name>E</name>
			<frequency>330.37</frequency>
		</note>
		<openHole>false</openHole><openHole>false</openHole><openHole>false</openHole>
		<openHole>false</openHole><openHole>false</openHole><openHole>true</openHole>
	</fingering>
	<fingering>
		<note>
			<name>F#</name>
			<frequency>367.08</frequency>
		</note>
		<openHole>false</openHole><openHole>false</openHole><openHole>false</openHole>
		<openHole>false</openHole><openHole>true</openHole><openHole>true</openHole>
	</fingering>
	<fingering>
		<note>
			<name>G</name>
			<frequency>391.55</frequency>
		</note>
		<openHole>false</openHole><openHole>false</openHole><openHole>false</openHole>
		<openHole>true</openHole><openHole>true</openHole><openHole>true</openHole>
	</fingering>
	<fingering>
		<note>
			<name>A</name>
			<frequency>440.50</frequency>
		</note>
		<openHole>false</openHole><openHole>false</openHole><openHole>true</openHole>
		<openHole>true</openHole><openHole>true</openHole><openHole>true</openHole>
	</fingering>
	<fingering>
		<note>
			<name>B</name>
			<frequency>489.44</frequency>
		</note>
		<openHole>false</openHole><openHole>true</openHole><openHole>true</openHole>
		<openHole>true</openHole><openHole>true</openHole><openHole>true</openHole>
	</fingering>
	<fingering>
		<note>
			<name>C-nat</name>
			<frequency>522.07</frequency>
		</note>
		<openHole>true</openHole><openHole>false</openHole><openHole>false</openHole>
		<openHole>true</openHole><openHole>true</openHole><openHole>true</openHole>
	</fingering>
	<fingering>
		<note>
			<name>C#</name>
			<frequency>550.62</frequency>
		</note>
		<openHole>true</openHole><openHole>true</openHole><openHole>true</openHole>
		<openHole>true</openHole><openHole>true</openHole><openHole>true</openHole>
	</fingering>
	<fingering>
		<note>
			<name>D</name>
			<frequency>587.33</frequency>
		</note>
		<openHole>true</openHole><openHole>false</openHole><openHole>false</openHole>
		<openHole>false</openHole><openHole>false</openHole><openHole>false</openHole>
	</fingering>
	<fingering>
		<note>
			<name>E</name>
			<frequency>660.75</frequency>
		</note>
		<openHole>false</openHole><openHole>false</openHole><openHole>false</openHole>
		<openHole>false</openHole><openHole>false</openHole><openHole>true</openHole>
	</fingering>
	<fingering>
		<note>
			<name>F#</name>
			<frequency>734.16</frequency>
		</note>
		<openHole>false</openHole><openHole>false</openHole><openHole>false</openHole>
		<openHole>false</openHole><openHole>true</openHole><openHole>true</openHole>
	</fingering>
	<fingering>
		<note>
			<name>G</name>
			<frequency>783.10</frequency>
		</note>
		<openHole>false</openHole><openHole>false</openHole><openHole>false</openHole>
		<openHole>true</openHole><openHole>true</openHole><openHole>true</openHole>
	</fingering>
	<fingering>
		<note>
			<name>A</name>
			<frequency>880.99</frequency>
		</note>
		<openHole>false</openHole><openHole>false</openHole><openHole>true</openHole>
		<openHole>true</openHole><openHole>true</openHole><openHole>true</openHole>
	</fingering>
	<fingering>
		<note>
			<name>B</name>
			<frequency>978.88</frequency>
		</note>
		<openHole>false</openHole><openHole>true</openHole><openHole>true</openHole>
		<openHole>true</openHole><openHole>true</openHole><openHole>true</openHole>
	</fingering>
	<fingering>
		<note>
			<name>C-nat</name>
			<frequency>1044.1</frequency>
		</note>
		<openHole>true</openHole><openHole>false</openHole><openHole>true</openHole>
		<openHole>false</openHole><openHole>false</openHole><openHole>false</openHole>
	</fingering>
	<fingering>
		<note>
			<name>C#</name>
			<frequency>1101.2</frequency>
		</note>
		<openHole>true</openHole><openHole>true</openHole><openHole>true</openHole>
		<openHole>true</openHole><openHole>true</openHole><openHole>true</openHole>
	</fingering>
	<fingering>
		<note>
			<name>D</name>
			<frequency>1174.7</frequency>
		</note>
		<openHole>true</openHole><openHole>false</openHole><openHole>false</openHole>
		<openHole>true</openHole><openHole>true</openHole><openHole>true</openHole>
	</fingering>

</wit:tuning>
