<?xml version="1.0" encoding="UTF-8" standalone="yes"?>
<ns2:instrument xmlns:ns2="http://www.wwidesigner.com/Instrument">
    <name>PVC Whistle</name>
    <description>6-hole PVC whistle, high D, A=440 Just Intonation.  This whistle has a Fajardo-style wedge under the window to improve octave balance.</description>
    <lengthType>mm</lengthType>
    <mouthpiece>
        <position>0.0</position>
        <fipple>
            <windowLength>5.4</windowLength>
            <windowWidth>6.5</windowWidth>
            <windowHeight>1.83</windowHeight>
            <windwayLength>21.0</windwayLength>
            <windwayHeight>1.6</windwayHeight>
        </fipple>
        <beta>0.41</beta>
    </mouthpiece>
    <borePoint>
        <borePosition>-5.4</borePosition>
        <boreDiameter>10.0</boreDiameter>
    </borePoint>
    <borePoint>
        <borePosition>19.6</borePosition>
        <boreDiameter>11.9</boreDiameter>
    </borePoint>
    <borePoint>
        <borePosition>267.5</borePosition>
        <boreDiameter>11.9</boreDiameter>
    </borePoint>
    <hole>
        <name>T1</name>
        <borePosition>117.0</borePosition>
        <diameter>5.55</diameter>
        <height>1.9</height>
    </hole>
    <hole>
        <name>T2</name>
        <borePosition>139.5</borePosition>
        <diameter>5.9</diameter>
        <height>1.9</height>
    </hole>
    <hole>
        <name>T3</name>
        <borePosition>158.5</borePosition>
        <diameter>5.92</diameter>
        <height>1.9</height>
    </hole>
    <hole>
        <name>B1</name>
        <borePosition>186.5</borePosition>
        <diameter>5.97</diameter>
        <height>1.9</height>
    </hole>
    <hole>
        <name>B2</name>
        <borePosition>203.0</borePosition>
        <diameter>7.95</diameter>
        <height>1.9</height>
    </hole>
    <hole>
        <name>B3</name>
        <borePosition>227.5</borePosition>
        <diameter>7.57</diameter>
        <height>1.9</height>
    </hole>
    <termination>
        <flangeDiameter>15.9</flangeDiameter>
    </termination>
</ns2:instrument>
