<?xml version="1.0" encoding="UTF-8" standalone="yes"?>
<ns2:tuning xmlns:ns2="http://www.wwidesigner.com/Tuning">
    <name>Bb Fife</name>
    <comment>6-hole maple fife, cylindrical bore, in Bb.
For measured frequencies, embouchure and mouth position not necessarily constant.</comment>
    <numberOfHoles>6</numberOfHoles>
    <fingering>
        <note>
            <name>low Bb</name>
            <frequency>466.16</frequency>
            <frequencyMin>460.0</frequencyMin>
            <frequencyMax>469.0</frequencyMax>
        </note>
        <openHole>false</openHole>
        <openHole>false</openHole>
        <openHole>false</openHole>
        <openHole>false</openHole>
        <openHole>false</openHole>
        <openHole>false</openHole>
        <optimizationWeight>1</optimizationWeight>
    </fingering>
    <fingering>
        <note>
            <name>C</name>
            <frequency>523.25</frequency>
            <frequencyMin>527.0</frequencyMin>
            <frequencyMax>545.0</frequencyMax>
        </note>
        <openHole>false</openHole>
        <openHole>false</openHole>
        <openHole>false</openHole>
        <openHole>false</openHole>
        <openHole>false</openHole>
        <openHole>true</openHole>
        <optimizationWeight>1</optimizationWeight>
    </fingering>
    <fingering>
        <note>
            <name>D</name>
            <frequency>587.33</frequency>
            <frequencyMin>586.0</frequencyMin>
            <frequencyMax>607.0</frequencyMax>
        </note>
        <openHole>false</openHole>
        <openHole>false</openHole>
        <openHole>false</openHole>
        <openHole>false</openHole>
        <openHole>true</openHole>
        <openHole>true</openHole>
        <optimizationWeight>1</optimizationWeight>
    </fingering>
    <fingering>
        <note>
            <name>Eb</name>
            <frequency>622.25</frequency>
            <frequencyMin>620.0</frequencyMin>
            <frequencyMax>644.0</frequencyMax>
        </note>
        <openHole>false</openHole>
        <openHole>false</openHole>
        <openHole>false</openHole>
        <openHole>true</openHole>
        <openHole>true</openHole>
        <openHole>true</openHole>
        <optimizationWeight>1</optimizationWeight>
    </fingering>
    <fingering>
        <note>
            <name>F</name>
            <frequency>698.46</frequency>
            <frequencyMin>705.0</frequencyMin>
            <frequencyMax>738.0</frequencyMax>
        </note>
        <openHole>false</openHole>
        <openHole>false</openHole>
        <openHole>true</openHole>
        <openHole>true</openHole>
        <openHole>true</openHole>
        <openHole>true</openHole>
        <optimizationWeight>1</optimizationWeight>
    </fingering>
    <fingering>
        <note>
            <name>G</name>
            <frequency>783.99</frequency>
            <frequencyMin>788.0</frequencyMin>
            <frequencyMax>826.0</frequencyMax>
        </note>
        <openHole>false</openHole>
        <openHole>true</openHole>
        <openHole>true</openHole>
        <openHole>true</openHole>
        <openHole>true</openHole>
        <openHole>true</openHole>
        <optimizationWeight>1</optimizationWeight>
    </fingering>
    <fingering>
        <note>
            <name>Ab</name>
            <frequency>830.61</frequency>
            <frequencyMin>813.0</frequencyMin>
            <frequencyMax>851.0</frequencyMax>
        </note>
        <openHole>true</openHole>
        <openHole>false</openHole>
        <openHole>false</openHole>
        <openHole>true</openHole>
        <openHole>true</openHole>
        <openHole>true</openHole>
        <optimizationWeight>1</optimizationWeight>
    </fingering>
    <fingering>
        <note>
            <name>A</name>
            <frequency>880.0</frequency>
            <frequencyMin>848.0</frequencyMin>
            <frequencyMax>884.0</frequencyMax>
        </note>
        <openHole>true</openHole>
        <openHole>true</openHole>
        <openHole>true</openHole>
        <openHole>true</openHole>
        <openHole>true</openHole>
        <openHole>true</openHole>
        <optimizationWeight>1</optimizationWeight>
    </fingering>
    <fingering>
        <note>
            <name>high Bb</name>
            <frequency>932.33</frequency>
            <frequencyMin>920.0</frequencyMin>
            <frequencyMax>951.0</frequencyMax>
        </note>
        <openHole>true</openHole>
        <openHole>false</openHole>
        <openHole>false</openHole>
        <openHole>false</openHole>
        <openHole>false</openHole>
        <openHole>false</openHole>
        <optimizationWeight>1</optimizationWeight>
    </fingering>
    <fingering>
        <note>
            <name>Bb x 2</name>
            <frequencyMin>927.0</frequencyMin>
            <frequencyMax>941.0</frequencyMax>
        </note>
        <openHole>false</openHole>
        <openHole>false</openHole>
        <openHole>false</openHole>
        <openHole>false</openHole>
        <openHole>false</openHole>
        <openHole>false</openHole>
        <optimizationWeight>1</optimizationWeight>
    </fingering>
    <fingering>
        <note>
            <name>C</name>
            <frequency>1046.5</frequency>
            <frequencyMin>1036.0</frequencyMin>
            <frequencyMax>1069.0</frequencyMax>
        </note>
        <openHole>false</openHole>
        <openHole>false</openHole>
        <openHole>false</openHole>
        <openHole>false</openHole>
        <openHole>false</openHole>
        <openHole>true</openHole>
        <optimizationWeight>1</optimizationWeight>
    </fingering>
    <fingering>
        <note>
            <name>D</name>
            <frequency>1174.7</frequency>
            <frequencyMin>1157.0</frequencyMin>
            <frequencyMax>1192.0</frequencyMax>
        </note>
        <openHole>false</openHole>
        <openHole>false</openHole>
        <openHole>false</openHole>
        <openHole>false</openHole>
        <openHole>true</openHole>
        <openHole>true</openHole>
        <optimizationWeight>1</optimizationWeight>
    </fingering>
    <fingering>
        <note>
            <name>Eb</name>
            <frequency>1244.5</frequency>
            <frequencyMin>1224.0</frequencyMin>
            <frequencyMax>1276.0</frequencyMax>
        </note>
        <openHole>false</openHole>
        <openHole>false</openHole>
        <openHole>false</openHole>
        <openHole>true</openHole>
        <openHole>true</openHole>
        <openHole>true</openHole>
        <optimizationWeight>1</optimizationWeight>
    </fingering>
    <fingering>
        <note>
            <name>F</name>
            <frequency>1396.9</frequency>
            <frequencyMin>1374.0</frequencyMin>
            <frequencyMax>1425.0</frequencyMax>
        </note>
        <openHole>false</openHole>
        <openHole>false</openHole>
        <openHole>true</openHole>
        <openHole>true</openHole>
        <openHole>true</openHole>
        <openHole>true</openHole>
        <optimizationWeight>1</optimizationWeight>
    </fingering>
    <fingering>
        <note>
            <name>G</name>
            <frequency>1568.0</frequency>
            <frequencyMin>1527.0</frequencyMin>
            <frequencyMax>1590.0</frequencyMax>
        </note>
        <openHole>false</openHole>
        <openHole>true</openHole>
        <openHole>true</openHole>
        <openHole>true</openHole>
        <openHole>true</openHole>
        <openHole>true</openHole>
        <optimizationWeight>1</optimizationWeight>
    </fingering>
    <fingering>
        <note>
            <name>A</name>
            <frequency>1760.0</frequency>
            <frequencyMin>1639.0</frequencyMin>
            <frequencyMax>1720.0</frequencyMax>
        </note>
        <openHole>true</openHole>
        <openHole>true</openHole>
        <openHole>true</openHole>
        <openHole>true</openHole>
        <openHole>true</openHole>
        <openHole>true</openHole>
        <optimizationWeight>1</optimizationWeight>
    </fingering>
    <fingering>
        <note>
            <name>high Bb</name>
            <frequency>1864.6</frequency>
            <frequencyMin>1837.0</frequencyMin>
            <frequencyMax>1870.0</frequencyMax>
        </note>
        <openHole>true</openHole>
        <openHole>false</openHole>
        <openHole>false</openHole>
        <openHole>false</openHole>
        <openHole>false</openHole>
        <openHole>false</openHole>
        <optimizationWeight>1</optimizationWeight>
    </fingering>
    <fingering>
        <note>
            <name>Bb x 3</name>
            <frequencyMin>1378.0</frequencyMin>
            <frequencyMax>1407.0</frequencyMax>
        </note>
        <openHole>false</openHole>
        <openHole>false</openHole>
        <openHole>false</openHole>
        <openHole>false</openHole>
        <openHole>false</openHole>
        <openHole>false</openHole>
        <optimizationWeight>1</optimizationWeight>
    </fingering>
    <fingering>
        <note>
            <name>C x 3</name>
            <frequencyMin>1522.0</frequencyMin>
            <frequencyMax>1570.0</frequencyMax>
        </note>
        <openHole>false</openHole>
        <openHole>false</openHole>
        <openHole>false</openHole>
        <openHole>false</openHole>
        <openHole>false</openHole>
        <openHole>true</openHole>
        <optimizationWeight>1</optimizationWeight>
    </fingering>
    <fingering>
        <note>
            <name>Bb x 4</name>
            <frequencyMin>1838.0</frequencyMin>
            <frequencyMax>1869.0</frequencyMax>
        </note>
        <openHole>false</openHole>
        <openHole>false</openHole>
        <openHole>false</openHole>
        <openHole>false</openHole>
        <openHole>false</openHole>
        <openHole>false</openHole>
        <optimizationWeight>1</optimizationWeight>
    </fingering>
</ns2:tuning>
