<?xml version="1.0" encoding="UTF-8" standalone="yes"?>
<ns2:instrument xmlns:ns2="http://www.wwidesigner.com/Instrument">
    <name>3/4" bore, 6-hole NAF start</name>
    <description>Base NAF file for creating a flute in the key of A4 or thereabouts, with an 18:1 bore length to diameter ratio.</description>
    <lengthType>in</lengthType>
    <mouthpiece>
        <position>0.18000068040110218</position>
        <fipple>
            <windowLength>0.18000068040110218</windowLength>
            <windowWidth>0.375000607500328</windowWidth>
            <fippleFactor>0.75</fippleFactor>
            <windwayHeight>0.03200012096019596</windwayHeight>
        </fipple>
    </mouthpiece>
    <borePoint>
        <borePosition>0.0</borePosition>
        <boreDiameter>0.750001215000656</boreDiameter>
    </borePoint>
    <borePoint>
        <borePosition>12.792266491145227</borePosition>
        <boreDiameter>0.7500012150006533</boreDiameter>
    </borePoint>
    <hole>
        <name>Hole 6</name>
        <borePosition>3.5137832706565537</borePosition>
        <diameter>0.22473147172106617</diameter>
        <height>0.18800071064115115</height>
    </hole>
    <hole>
        <name>Hole 5</name>
        <borePosition>4.344776673709052</borePosition>
        <diameter>0.25034778389974305</diameter>
        <height>0.18800071064115115</height>
    </hole>
    <hole>
        <name>Hole 4</name>
        <borePosition>5.175770076761551</borePosition>
        <diameter>0.24023290476712209</diameter>
        <height>0.18800071064115115</height>
    </hole>
    <hole>
        <name>Hole 3</name>
        <borePosition>6.798946235943732</borePosition>
        <diameter>0.3180986380313287</diameter>
        <height>0.18800071064115115</height>
    </hole>
    <hole>
        <name>Hole 2</name>
        <borePosition>7.908261667761067</borePosition>
        <diameter>0.3049661492535511</diameter>
        <height>0.18800071064115115</height>
    </hole>
    <hole>
        <name>Hole 1</name>
        <borePosition>9.017577099578402</borePosition>
        <diameter>0.310873175104445</diameter>
        <height>0.18800071064115115</height>
    </hole>
    <termination>
        <flangeDiameter>1.1250018225009841</flangeDiameter>
    </termination>
</ns2:instrument>
