<?xml version="1.0" encoding="UTF-8" standalone="yes"?>
<ns2:scale xmlns:ns2="http://www.wwidesigner.com/Tuning">
    <name>A3 chomatic ET</name>
    <comment>A440, NAF range.</comment>
    <note>
        <name>A3</name>
        <frequency>220.0</frequency>
    </note>
    <note>
        <name>A#3</name>
        <frequency>233.08188075904496</frequency>
    </note>
    <note>
        <name>B3</name>
        <frequency>246.94165062806206</frequency>
    </note>
    <note>
        <name>C4</name>
        <frequency>261.6255653005986</frequency>
    </note>
    <note>
        <name>C#4</name>
        <frequency>277.1826309768721</frequency>
    </note>
    <note>
        <name>D4</name>
        <frequency>293.6647679174076</frequency>
    </note>
    <note>
        <name>D#4</name>
        <frequency>311.1269837220809</frequency>
    </note>
    <note>
        <name>E4</name>
        <frequency>329.6275569128699</frequency>
    </note>
    <note>
        <name>F4</name>
        <frequency>349.2282314330039</frequency>
    </note>
    <note>
        <name>F#4</name>
        <frequency>369.99442271163446</frequency>
    </note>
    <note>
        <name>G4</name>
        <frequency>391.9954359817493</frequency>
    </note>
    <note>
        <name>G#4</name>
        <frequency>415.3046975799451</frequency>
    </note>
    <note>
        <name>A4</name>
        <frequency>440.0</frequency>
    </note>
    <note>
        <name>A#4</name>
        <frequency>466.1637615180899</frequency>
    </note>
    <note>
        <name>B4</name>
        <frequency>493.8833012561241</frequency>
    </note>
    <note>
        <name>C5</name>
        <frequency>523.2511306011972</frequency>
    </note>
    <note>
        <name>C#5</name>
        <frequency>554.3652619537442</frequency>
    </note>
</ns2:scale>
