<?xml version="1.0" encoding="UTF-8" standalone="yes"?>
<ns2:scale xmlns:ns2="http://www.wwidesigner.com/Tuning">
    <name>A4 NAF, equal temperament</name>
    <comment>A scale, equal temperament, with the range and chromatic notes of a NAF.</comment>
    <note>
        <name>A4</name>
        <frequency>440.0</frequency>
    </note>
    <note>
        <name>C5</name>
        <frequency>523.2511306011972</frequency>
    </note>
    <note>
        <name>C#5</name>
        <frequency>554.3652619537442</frequency>
    </note>
    <note>
        <name>D5</name>
        <frequency>587.3295358348151</frequency>
    </note>
    <note>
        <name>D#5</name>
        <frequency>622.2539674441618</frequency>
    </note>
    <note>
        <name>E5</name>
        <frequency>659.2551138257398</frequency>
    </note>
    <note>
        <name>F5</name>
        <frequency>698.4564628660078</frequency>
    </note>
    <note>
        <name>F#5</name>
        <frequency>739.9888454232689</frequency>
    </note>
    <note>
        <name>G5</name>
        <frequency>783.9908719634986</frequency>
    </note>
    <note>
        <name>G#5</name>
        <frequency>830.6093951598903</frequency>
    </note>
    <note>
        <name>A5</name>
        <frequency>880.0</frequency>
    </note>
    <note>
        <name>A#5</name>
        <frequency>932.3275230361799</frequency>
    </note>
    <note>
        <name>B5</name>
        <frequency>987.7666025122483</frequency>
    </note>
    <note>
        <name>C6</name>
        <frequency>1046.5022612023945</frequency>
    </note>
</ns2:scale>
