<?xml version="1.0" encoding="UTF-8" standalone="yes"?>
<ns2:scale xmlns:ns2="http://www.wwidesigner.com/Tuning">
    <name>D Irish whistle scale</name>
    <comment>D scale, ET, in 2 octaves</comment>
    <note>
        <name>D4</name>
        <frequency>293.6647679174076</frequency>
    </note>
    <note>
        <name>E4</name>
        <frequency>329.62755691287</frequency>
    </note>
    <note>
        <name>F#4</name>
        <frequency>369.9944227116344</frequency>
    </note>
    <note>
        <name>G4</name>
        <frequency>391.9954359817493</frequency>
    </note>
    <note>
        <name>G#4</name>
        <frequency>415.3046975799452</frequency>
    </note>
    <note>
        <name>A4</name>
        <frequency>440.0</frequency>
    </note>
    <note>
        <name>Bb4</name>
        <frequency>466.1637615180899</frequency>
    </note>
    <note>
        <name>B4</name>
        <frequency>493.8833012561242</frequency>
    </note>
    <note>
        <name>C5</name>
        <frequency>523.2511306011974</frequency>
    </note>
    <note>
        <name>C#5</name>
        <frequency>554.3652619537443</frequency>
    </note>
    <note>
        <name>D5</name>
        <frequency>587.3295358348151</frequency>
    </note>
    <note>
        <name>E5</name>
        <frequency>659.25511382574</frequency>
    </note>
    <note>
        <name>F#5</name>
        <frequency>739.9888454232688</frequency>
    </note>
    <note>
        <name>G5</name>
        <frequency>783.9908719634986</frequency>
    </note>
    <note>
        <name>G#5</name>
        <frequency>830.6093951598904</frequency>
    </note>
    <note>
        <name>A5</name>
        <frequency>880.0</frequency>
    </note>
    <note>
        <name>Bb5</name>
        <frequency>932.3275230361799</frequency>
    </note>
    <note>
        <name>B5</name>
        <frequency>987.7666025122484</frequency>
    </note>
    <note>
        <name>C6</name>
        <frequency>1046.5022612023947</frequency>
    </note>
    <note>
        <name>C#6</name>
        <frequency>1108.7305239074885</frequency>
    </note>
</ns2:scale>
