<?xml version="1.0" encoding="UTF-8" standalone="yes"?>
<ns2:constraints xmlns:ns2="http://www.wwidesigner.com/Constraints">
    <constraintsName>Position and length of cylindrical headjoint insert.  Assumes points 1,2,5 have same diameter.</constraintsName>
    <objectiveDisplayName>Bore Spacing (from top) optimizer</objectiveDisplayName>
    <objectiveFunctionName>BoreSpacingFromTopObjectiveFunction</objectiveFunctionName>
    <numberOfHoles>6</numberOfHoles>
    <constraint>
        <displayName>Distance from bore point 1 to point 2</displayName>
        <category>Bore point positions</category>
        <type>DIMENSIONAL</type>
        <lowerBound>0.006</lowerBound>
        <upperBound>0.06</upperBound>
    </constraint>
    <constraint>
        <displayName>Distance from bore point 2 to point 3</displayName>
        <category>Bore point positions</category>
        <type>DIMENSIONAL</type>
        <lowerBound>1.0E-4</lowerBound>
        <upperBound>0.005</upperBound>
    </constraint>
    <constraint>
        <displayName>Distance from bore point 3 to point 4</displayName>
        <category>Bore point positions</category>
        <type>DIMENSIONAL</type>
        <lowerBound>0.001</lowerBound>
        <upperBound>0.06</upperBound>
    </constraint>
    <constraint>
        <displayName>Distance from bore point 4 to point 5</displayName>
        <category>Bore point positions</category>
        <type>DIMENSIONAL</type>
        <lowerBound>1.0E-4</lowerBound>
        <upperBound>0.005</upperBound>
    </constraint>
</ns2:constraints>
