<?xml version="1.0" encoding="UTF-8" standalone="yes"?>
<ns2:scale xmlns:ns2="http://www.wwidesigner.com/Tuning">
    <name>D#5 NAF ET Chromatic Scale</name>
    <comment>From D#5 through F#6 chromatically, without E5 and F5.</comment>
    <note>
        <name>D#5</name>
        <frequency>622.2539674441617</frequency>
    </note>
    <note>
        <name>F#5</name>
        <frequency>739.9888454232687</frequency>
    </note>
    <note>
        <name>G5</name>
        <frequency>783.9908719634985</frequency>
    </note>
    <note>
        <name>G#5</name>
        <frequency>830.6093951598901</frequency>
    </note>
    <note>
        <name>A5</name>
        <frequency>879.9999999999999</frequency>
    </note>
    <note>
        <name>A#5</name>
        <frequency>932.3275230361797</frequency>
    </note>
    <note>
        <name>B5</name>
        <frequency>987.766602512248</frequency>
    </note>
    <note>
        <name>C6</name>
        <frequency>1046.5022612023943</frequency>
    </note>
    <note>
        <name>C#6</name>
        <frequency>1108.730523907488</frequency>
    </note>
    <note>
        <name>D6</name>
        <frequency>1174.65907166963</frequency>
    </note>
    <note>
        <name>D#6</name>
        <frequency>1244.5079348883235</frequency>
    </note>
    <note>
        <name>E6</name>
        <frequency>1318.5102276514797</frequency>
    </note>
    <note>
        <name>F6</name>
        <frequency>1396.9129257320153</frequency>
    </note>
    <note>
        <name>F#6</name>
        <frequency>1479.9776908465374</frequency>
    </note>
</ns2:scale>
