<?xml version="1.0" encoding="UTF-8" standalone="yes"?>
<ns2:tuning xmlns:ns2="http://www.wwidesigner.com/Tuning">
    <name>Uilleann pipe Just Intonation tuning</name>
    <comment>Just Intonation tuning for concert-pitch keyless uilleann pipes</comment>
    <numberOfHoles>8</numberOfHoles>
    <fingering>
        <note>
            <name>D4</name>
            <frequency>293.66</frequency>
        </note>
        <openHole>false</openHole>
        <openHole>false</openHole>
        <openHole>false</openHole>
        <openHole>false</openHole>
        <openHole>false</openHole>
        <openHole>false</openHole>
        <openHole>false</openHole>
        <openHole>false</openHole>
        <openEnd>true</openEnd>
        <optimizationWeight>1</optimizationWeight>
    </fingering>
    <fingering>
        <note>
            <name>Eb4</name>
            <frequency>311.28</frequency>
        </note>
        <openHole>false</openHole>
        <openHole>false</openHole>
        <openHole>false</openHole>
        <openHole>false</openHole>
        <openHole>false</openHole>
        <openHole>false</openHole>
        <openHole>false</openHole>
        <openHole>true</openHole>
        <openEnd>false</openEnd>
        <optimizationWeight>1</optimizationWeight>
    </fingering>
    <fingering>
        <note>
            <name>E4</name>
            <frequency>330.37</frequency>
        </note>
        <openHole>false</openHole>
        <openHole>false</openHole>
        <openHole>false</openHole>
        <openHole>false</openHole>
        <openHole>false</openHole>
        <openHole>false</openHole>
        <openHole>true</openHole>
        <openHole>true</openHole>
        <openEnd>false</openEnd>
        <optimizationWeight>1</optimizationWeight>
    </fingering>
    <fingering>
        <note>
            <name>F#4</name>
            <frequency>367.08</frequency>
        </note>
        <openHole>false</openHole>
        <openHole>false</openHole>
        <openHole>false</openHole>
        <openHole>false</openHole>
        <openHole>false</openHole>
        <openHole>true</openHole>
        <openHole>false</openHole>
        <openHole>false</openHole>
        <openEnd>false</openEnd>
        <optimizationWeight>1</optimizationWeight>
    </fingering>
    <fingering>
        <note>
            <name>G4</name>
            <frequency>391.55</frequency>
        </note>
        <openHole>false</openHole>
        <openHole>false</openHole>
        <openHole>false</openHole>
        <openHole>false</openHole>
        <openHole>true</openHole>
        <openHole>true</openHole>
        <openHole>false</openHole>
        <openHole>false</openHole>
        <openEnd>false</openEnd>
        <optimizationWeight>1</optimizationWeight>
    </fingering>
    <fingering>
        <note>
            <name>A4</name>
            <frequency>440.49</frequency>
        </note>
        <openHole>false</openHole>
        <openHole>false</openHole>
        <openHole>false</openHole>
        <openHole>true</openHole>
        <openHole>false</openHole>
        <openHole>false</openHole>
        <openHole>false</openHole>
        <openHole>false</openHole>
        <openEnd>false</openEnd>
        <optimizationWeight>1</optimizationWeight>
    </fingering>
    <fingering>
        <note>
            <name>B4</name>
            <frequency>489.43</frequency>
        </note>
        <openHole>false</openHole>
        <openHole>false</openHole>
        <openHole>true</openHole>
        <openHole>true</openHole>
        <openHole>false</openHole>
        <openHole>false</openHole>
        <openHole>false</openHole>
        <openHole>false</openHole>
        <openEnd>false</openEnd>
        <optimizationWeight>1</optimizationWeight>
    </fingering>
    <fingering>
        <note>
            <name>C5</name>
            <frequency>522.06</frequency>
        </note>
        <openHole>false</openHole>
        <openHole>true</openHole>
        <openHole>false</openHole>
        <openHole>false</openHole>
        <openHole>false</openHole>
        <openHole>true</openHole>
        <openHole>false</openHole>
        <openHole>false</openHole>
        <openEnd>false</openEnd>
        <optimizationWeight>1</optimizationWeight>
    </fingering>
    <fingering>
        <note>
            <name>C#5</name>
            <frequency>550.61</frequency>
        </note>
        <openHole>false</openHole>
        <openHole>true</openHole>
        <openHole>false</openHole>
        <openHole>false</openHole>
        <openHole>false</openHole>
        <openHole>false</openHole>
        <openHole>false</openHole>
        <openHole>false</openHole>
        <openEnd>false</openEnd>
        <optimizationWeight>1</optimizationWeight>
    </fingering>
    <fingering>
        <note>
            <name>D5</name>
            <frequency>587.32</frequency>
        </note>
        <openHole>true</openHole>
        <openHole>false</openHole>
        <openHole>false</openHole>
        <openHole>false</openHole>
        <openHole>false</openHole>
        <openHole>false</openHole>
        <openHole>false</openHole>
        <openHole>false</openHole>
        <openEnd>false</openEnd>
        <optimizationWeight>1</optimizationWeight>
    </fingering>
    <fingering>
        <note>
            <name>Eb5</name>
            <frequency>622.56</frequency>
        </note>
        <openHole>false</openHole>
        <openHole>false</openHole>
        <openHole>false</openHole>
        <openHole>false</openHole>
        <openHole>false</openHole>
        <openHole>false</openHole>
        <openHole>false</openHole>
        <openHole>true</openHole>
        <openEnd>false</openEnd>
        <optimizationWeight>1</optimizationWeight>
    </fingering>
    <fingering>
        <note>
            <name>E5</name>
            <frequency>660.74</frequency>
        </note>
        <openHole>false</openHole>
        <openHole>false</openHole>
        <openHole>false</openHole>
        <openHole>false</openHole>
        <openHole>false</openHole>
        <openHole>false</openHole>
        <openHole>true</openHole>
        <openHole>true</openHole>
        <openEnd>false</openEnd>
        <optimizationWeight>1</optimizationWeight>
    </fingering>
    <fingering>
        <note>
            <name>F#5</name>
            <frequency>734.15</frequency>
        </note>
        <openHole>false</openHole>
        <openHole>false</openHole>
        <openHole>false</openHole>
        <openHole>false</openHole>
        <openHole>false</openHole>
        <openHole>true</openHole>
        <openHole>false</openHole>
        <openHole>false</openHole>
        <openEnd>false</openEnd>
        <optimizationWeight>1</optimizationWeight>
    </fingering>
    <fingering>
        <note>
            <name>G5</name>
            <frequency>783.09</frequency>
        </note>
        <openHole>false</openHole>
        <openHole>false</openHole>
        <openHole>false</openHole>
        <openHole>false</openHole>
        <openHole>true</openHole>
        <openHole>true</openHole>
        <openHole>false</openHole>
        <openHole>false</openHole>
        <openEnd>false</openEnd>
        <optimizationWeight>1</optimizationWeight>
    </fingering>
    <fingering>
        <note>
            <name>A5</name>
            <frequency>880.98</frequency>
        </note>
        <openHole>false</openHole>
        <openHole>false</openHole>
        <openHole>false</openHole>
        <openHole>true</openHole>
        <openHole>false</openHole>
        <openHole>false</openHole>
        <openHole>false</openHole>
        <openHole>false</openHole>
        <openEnd>false</openEnd>
        <optimizationWeight>1</optimizationWeight>
    </fingering>
    <fingering>
        <note>
            <name>B5</name>
            <frequency>978.87</frequency>
        </note>
        <openHole>false</openHole>
        <openHole>false</openHole>
        <openHole>true</openHole>
        <openHole>true</openHole>
        <openHole>false</openHole>
        <openHole>false</openHole>
        <openHole>false</openHole>
        <openHole>false</openHole>
        <openEnd>false</openEnd>
        <optimizationWeight>1</optimizationWeight>
    </fingering>
</ns2:tuning>
