<?xml version="1.0" encoding="UTF-8" standalone="yes"?>
<ns2:tuning xmlns:ns2="http://www.wwidesigner.com/Tuning">
    <name>Union pipe concert pitch tuning</name>
    <comment>Equal Temperament tuning for concert-pitch keyless union pipe chanter</comment>
    <numberOfHoles>8</numberOfHoles>
    <fingering>
        <note>
            <name>D4</name>
            <frequency>293.66</frequency>
        </note>
        <openHole>false</openHole>
        <openHole>false</openHole>
        <openHole>false</openHole>
        <openHole>false</openHole>
        <openHole>false</openHole>
        <openHole>false</openHole>
        <openHole>false</openHole>
        <openHole>false</openHole>
        <openEnd>true</openEnd>
        <optimizationWeight>1</optimizationWeight>
    </fingering>
    <fingering>
        <note>
            <name>Eb4</name>
            <frequency>311.13</frequency>
        </note>
        <openHole>false</openHole>
        <openHole>false</openHole>
        <openHole>false</openHole>
        <openHole>false</openHole>
        <openHole>false</openHole>
        <openHole>false</openHole>
        <openHole>false</openHole>
        <openHole>true</openHole>
        <openEnd>false</openEnd>
        <optimizationWeight>1</optimizationWeight>
    </fingering>
    <fingering>
        <note>
            <name>E4</name>
            <frequency>329.63</frequency>
        </note>
        <openHole>false</openHole>
        <openHole>false</openHole>
        <openHole>false</openHole>
        <openHole>false</openHole>
        <openHole>false</openHole>
        <openHole>false</openHole>
        <openHole>true</openHole>
        <openHole>true</openHole>
        <openEnd>false</openEnd>
        <optimizationWeight>1</optimizationWeight>
    </fingering>
    <fingering>
        <note>
            <name>F#4</name>
            <frequency>369.99</frequency>
        </note>
        <openHole>false</openHole>
        <openHole>false</openHole>
        <openHole>false</openHole>
        <openHole>false</openHole>
        <openHole>false</openHole>
        <openHole>true</openHole>
        <openHole>false</openHole>
        <openHole>false</openHole>
        <openEnd>false</openEnd>
        <optimizationWeight>1</optimizationWeight>
    </fingering>
    <fingering>
        <note>
            <name>G4</name>
            <frequency>392.0</frequency>
        </note>
        <openHole>false</openHole>
        <openHole>false</openHole>
        <openHole>false</openHole>
        <openHole>false</openHole>
        <openHole>true</openHole>
        <openHole>true</openHole>
        <openHole>false</openHole>
        <openHole>false</openHole>
        <openEnd>false</openEnd>
        <optimizationWeight>1</optimizationWeight>
    </fingering>
    <fingering>
        <note>
            <name>A4</name>
            <frequency>440.0</frequency>
        </note>
        <openHole>false</openHole>
        <openHole>false</openHole>
        <openHole>false</openHole>
        <openHole>true</openHole>
        <openHole>false</openHole>
        <openHole>false</openHole>
        <openHole>false</openHole>
        <openHole>false</openHole>
        <openEnd>false</openEnd>
        <optimizationWeight>1</optimizationWeight>
    </fingering>
    <fingering>
        <note>
            <name>B4</name>
            <frequency>493.88</frequency>
        </note>
        <openHole>false</openHole>
        <openHole>false</openHole>
        <openHole>true</openHole>
        <openHole>true</openHole>
        <openHole>false</openHole>
        <openHole>false</openHole>
        <openHole>false</openHole>
        <openHole>false</openHole>
        <openEnd>false</openEnd>
        <optimizationWeight>1</optimizationWeight>
    </fingering>
    <fingering>
        <note>
            <name>C5</name>
            <frequency>523.25</frequency>
        </note>
        <openHole>false</openHole>
        <openHole>true</openHole>
        <openHole>false</openHole>
        <openHole>false</openHole>
        <openHole>false</openHole>
        <openHole>true</openHole>
        <openHole>false</openHole>
        <openHole>false</openHole>
        <openEnd>false</openEnd>
        <optimizationWeight>1</optimizationWeight>
    </fingering>
    <fingering>
        <note>
            <name>C#5</name>
            <frequency>554.37</frequency>
        </note>
        <openHole>false</openHole>
        <openHole>true</openHole>
        <openHole>false</openHole>
        <openHole>false</openHole>
        <openHole>false</openHole>
        <openHole>false</openHole>
        <openHole>false</openHole>
        <openHole>false</openHole>
        <openEnd>false</openEnd>
        <optimizationWeight>1</optimizationWeight>
    </fingering>
    <fingering>
        <note>
            <name>D5</name>
            <frequency>587.33</frequency>
        </note>
        <openHole>true</openHole>
        <openHole>false</openHole>
        <openHole>false</openHole>
        <openHole>false</openHole>
        <openHole>false</openHole>
        <openHole>false</openHole>
        <openHole>false</openHole>
        <openHole>false</openHole>
        <openEnd>false</openEnd>
        <optimizationWeight>1</optimizationWeight>
    </fingering>
    <fingering>
        <note>
            <name>Eb5</name>
            <frequency>622.25</frequency>
        </note>
        <openHole>false</openHole>
        <openHole>false</openHole>
        <openHole>false</openHole>
        <openHole>false</openHole>
        <openHole>false</openHole>
        <openHole>false</openHole>
        <openHole>false</openHole>
        <openHole>true</openHole>
        <openEnd>true</openEnd>
        <optimizationWeight>1</optimizationWeight>
    </fingering>
    <fingering>
        <note>
            <name>E5</name>
            <frequency>659.26</frequency>
        </note>
        <openHole>false</openHole>
        <openHole>false</openHole>
        <openHole>false</openHole>
        <openHole>false</openHole>
        <openHole>false</openHole>
        <openHole>false</openHole>
        <openHole>true</openHole>
        <openHole>true</openHole>
        <openEnd>true</openEnd>
        <optimizationWeight>1</optimizationWeight>
    </fingering>
    <fingering>
        <note>
            <name>F#5</name>
            <frequency>739.99</frequency>
        </note>
        <openHole>false</openHole>
        <openHole>false</openHole>
        <openHole>false</openHole>
        <openHole>false</openHole>
        <openHole>false</openHole>
        <openHole>true</openHole>
        <openHole>false</openHole>
        <openHole>false</openHole>
        <openEnd>false</openEnd>
        <optimizationWeight>1</optimizationWeight>
    </fingering>
    <fingering>
        <note>
            <name>G5</name>
            <frequency>783.99</frequency>
        </note>
        <openHole>false</openHole>
        <openHole>false</openHole>
        <openHole>false</openHole>
        <openHole>false</openHole>
        <openHole>true</openHole>
        <openHole>true</openHole>
        <openHole>false</openHole>
        <openHole>false</openHole>
        <openEnd>false</openEnd>
        <optimizationWeight>1</optimizationWeight>
    </fingering>
    <fingering>
        <note>
            <name>A5</name>
            <frequency>880.0</frequency>
        </note>
        <openHole>false</openHole>
        <openHole>false</openHole>
        <openHole>false</openHole>
        <openHole>true</openHole>
        <openHole>false</openHole>
        <openHole>false</openHole>
        <openHole>false</openHole>
        <openHole>false</openHole>
        <openEnd>false</openEnd>
        <optimizationWeight>1</optimizationWeight>
    </fingering>
    <fingering>
        <note>
            <name>B5</name>
            <frequency>987.77</frequency>
        </note>
        <openHole>false</openHole>
        <openHole>false</openHole>
        <openHole>true</openHole>
        <openHole>true</openHole>
        <openHole>false</openHole>
        <openHole>false</openHole>
        <openHole>false</openHole>
        <openHole>false</openHole>
        <openEnd>false</openEnd>
        <optimizationWeight>1</optimizationWeight>
    </fingering>
    <fingering>
        <note>
            <name>C#6</name>
            <frequency>1108.73</frequency>
        </note>
        <openHole>false</openHole>
        <openHole>true</openHole>
        <openHole>false</openHole>
        <openHole>false</openHole>
        <openHole>false</openHole>
        <openHole>false</openHole>
        <openHole>false</openHole>
        <openHole>false</openHole>
        <openEnd>false</openEnd>
        <optimizationWeight>1</optimizationWeight>
    </fingering>
    <fingering>
        <note>
            <name>D6</name>
            <frequency>1174.7</frequency>
        </note>
        <openHole>true</openHole>
        <openHole>false</openHole>
        <openHole>false</openHole>
        <openHole>false</openHole>
        <openHole>false</openHole>
        <openHole>false</openHole>
        <openHole>false</openHole>
        <openHole>false</openHole>
        <openEnd>false</openEnd>
        <optimizationWeight>1</optimizationWeight>
    </fingering>
</ns2:tuning>
