<?xml version="1.0" encoding="UTF-8" standalone="yes"?>
<ns2:tuning xmlns:ns2="http://www.wwidesigner.com/Tuning">
    <name>Bell note tuning, 6 holes</name>
    <comment>Sample tuning for a whistle under construction, before holes are drilled, with min and max frequencies for the fundamental through fourth harmonic.  Used for calibrating instrument model when instrument model has 6 hypothetical holes.</comment>
    <numberOfHoles>6</numberOfHoles>
    <fingering>
        <note>
            <name>1st</name>
            <frequencyMin>560.0</frequencyMin>
            <frequencyMax>580.0</frequencyMax>
        </note>
        <openHole>false</openHole>
        <openHole>false</openHole>
        <openHole>false</openHole>
        <openHole>false</openHole>
        <openHole>false</openHole>
        <openHole>false</openHole>
        <optimizationWeight>1</optimizationWeight>
    </fingering>
    <fingering>
        <note>
            <name>2nd</name>
            <frequencyMin>1057.0</frequencyMin>
            <frequencyMax>1105.0</frequencyMax>
        </note>
        <openHole>false</openHole>
        <openHole>false</openHole>
        <openHole>false</openHole>
        <openHole>false</openHole>
        <openHole>false</openHole>
        <openHole>false</openHole>
        <optimizationWeight>1</optimizationWeight>
    </fingering>
    <fingering>
        <note>
            <name>3rd</name>
            <frequencyMin>1618.0</frequencyMin>
            <frequencyMax>1668.0</frequencyMax>
        </note>
        <openHole>false</openHole>
        <openHole>false</openHole>
        <openHole>false</openHole>
        <openHole>false</openHole>
        <openHole>false</openHole>
        <openHole>false</openHole>
        <optimizationWeight>1</optimizationWeight>
    </fingering>
    <fingering>
        <note>
            <name>4th</name>
            <frequencyMin>2185.0</frequencyMin>
            <frequencyMax>2235.0</frequencyMax>
        </note>
        <openHole>false</openHole>
        <openHole>false</openHole>
        <openHole>false</openHole>
        <openHole>false</openHole>
        <openHole>false</openHole>
        <openHole>false</openHole>
        <optimizationWeight>1</optimizationWeight>
    </fingering>
</ns2:tuning>
