<?xml version="1.0" encoding="UTF-8" standalone="yes"?>
<ns2:instrument xmlns:ns2="http://www.wwidesigner.com/Instrument">
    <name>5/8" bore, 6-hole NAF start</name>
    <description>Base NAF file for creating a flute in the key of C5 or thereabouts, with an 18:1 bore length to diameter ratio.</description>
    <lengthType>in</lengthType>
    <mouthpiece>
        <position>0.1800004860005248</position>
        <fipple>
            <windowLength>0.1800004860005248</windowLength>
            <windowWidth>0.3125005062502734</windowWidth>
            <fippleFactor>0.75</fippleFactor>
            <windwayHeight>0.03200008640009331</windwayHeight>
        </fipple>
    </mouthpiece>
    <borePoint>
        <borePosition>0.0</borePosition>
        <boreDiameter>0.6250010125005468</boreDiameter>
    </borePoint>
    <borePoint>
        <borePosition>10.890270612819148</borePosition>
        <boreDiameter>0.6250010125005473</boreDiameter>
    </borePoint>
    <hole>
        <name>Hole 6</name>
        <borePosition>3.0289625158473927</borePosition>
        <diameter>0.19439123020685534</diameter>
        <height>0.18800050760054812</height>
    </hole>
    <hole>
        <name>Hole 5</name>
        <borePosition>3.9623638814742583</borePosition>
        <diameter>0.23916994537349345</diameter>
        <height>0.18800050760054812</height>
    </hole>
    <hole>
        <name>Hole 4</name>
        <borePosition>4.895765247101124</borePosition>
        <diameter>0.2462772686568415</diameter>
        <height>0.18800050760054812</height>
    </hole>
    <hole>
        <name>Hole 3</name>
        <borePosition>5.792638312506531</borePosition>
        <diameter>0.26722992830785586</diameter>
        <height>0.18800050760054812</height>
    </hole>
    <hole>
        <name>Hole 2</name>
        <borePosition>6.728878178409951</borePosition>
        <diameter>0.2573024742663483</diameter>
        <height>0.18800050760054812</height>
    </hole>
    <hole>
        <name>Hole 1</name>
        <borePosition>7.665118044313371</borePosition>
        <diameter>0.2643769834422381</diameter>
        <height>0.18800050760054812</height>
    </hole>
    <termination>
        <flangeDiameter>1.0000016200008748</flangeDiameter>
    </termination>
</ns2:instrument>
