<?xml version="1.0" encoding="UTF-8" standalone="yes"?>
<ns2:scale xmlns:ns2="http://www.wwidesigner.com/Tuning">
    <name>G4 NAF chromatic scale</name>
    <comment>G4 chromatic scale, ET, for the NAF</comment>
    <note>
        <name>G4</name>
        <frequency>391.99543598174927</frequency>
    </note>
    <note>
        <name>A#4</name>
        <frequency>466.16376151808987</frequency>
    </note>
    <note>
        <name>B4</name>
        <frequency>493.88330125612407</frequency>
    </note>
    <note>
        <name>C5</name>
        <frequency>523.2511306011972</frequency>
    </note>
    <note>
        <name>C#5</name>
        <frequency>554.3652619537442</frequency>
    </note>
    <note>
        <name>D5</name>
        <frequency>587.329535834815</frequency>
    </note>
    <note>
        <name>D#5</name>
        <frequency>622.2539674441617</frequency>
    </note>
    <note>
        <name>E5</name>
        <frequency>659.2551138257398</frequency>
    </note>
    <note>
        <name>F5</name>
        <frequency>698.4564628660078</frequency>
    </note>
    <note>
        <name>F#5</name>
        <frequency>739.9888454232688</frequency>
    </note>
    <note>
        <name>G5</name>
        <frequency>783.9908719634985</frequency>
    </note>
    <note>
        <name>G#5</name>
        <frequency>830.6093951598903</frequency>
    </note>
    <note>
        <name>A5</name>
        <frequency>880.0</frequency>
    </note>
    <note>
        <name>A#5</name>
        <frequency>932.3275230361797</frequency>
    </note>
</ns2:scale>
