<?xml version="1.0" encoding="UTF-8" standalone="yes"?>
<ns2:scale xmlns:ns2="http://www.wwidesigner.com/Tuning">
    <name>Three-octave ET from C4</name>
    <comment>Equal temperament chromatic scale, C4 to C7.</comment>
    <note>
        <name>C4</name>
        <frequency>261.6255653005986</frequency>
    </note>
    <note>
        <name>C#4</name>
        <frequency>277.1826309768721</frequency>
    </note>
    <note>
        <name>D4</name>
        <frequency>293.6647679174076</frequency>
    </note>
    <note>
        <name>Eb4</name>
        <frequency>311.12698372208087</frequency>
    </note>
    <note>
        <name>E4</name>
        <frequency>329.6275569128699</frequency>
    </note>
    <note>
        <name>F4</name>
        <frequency>349.2282314330039</frequency>
    </note>
    <note>
        <name>F#4</name>
        <frequency>369.9944227116344</frequency>
    </note>
    <note>
        <name>G4</name>
        <frequency>391.99543598174927</frequency>
    </note>
    <note>
        <name>G#4</name>
        <frequency>415.30469757994507</frequency>
    </note>
    <note>
        <name>A4</name>
        <frequency>439.99999999999994</frequency>
    </note>
    <note>
        <name>Bb4</name>
        <frequency>466.16376151808987</frequency>
    </note>
    <note>
        <name>B4</name>
        <frequency>493.88330125612407</frequency>
    </note>
    <note>
        <name>C5</name>
        <frequency>523.2511306011972</frequency>
    </note>
    <note>
        <name>C#5</name>
        <frequency>554.3652619537442</frequency>
    </note>
    <note>
        <name>D5</name>
        <frequency>587.3295358348151</frequency>
    </note>
    <note>
        <name>Eb5</name>
        <frequency>622.2539674441617</frequency>
    </note>
    <note>
        <name>E5</name>
        <frequency>659.2551138257398</frequency>
    </note>
    <note>
        <name>F5</name>
        <frequency>698.4564628660078</frequency>
    </note>
    <note>
        <name>F#5</name>
        <frequency>739.9888454232688</frequency>
    </note>
    <note>
        <name>G5</name>
        <frequency>783.9908719634985</frequency>
    </note>
    <note>
        <name>G#5</name>
        <frequency>830.6093951598903</frequency>
    </note>
    <note>
        <name>A5</name>
        <frequency>879.9999999999999</frequency>
    </note>
    <note>
        <name>Bb5</name>
        <frequency>932.3275230361797</frequency>
    </note>
    <note>
        <name>B5</name>
        <frequency>987.7666025122483</frequency>
    </note>
    <note>
        <name>C6</name>
        <frequency>1046.5022612023945</frequency>
    </note>
    <note>
        <name>C#6</name>
        <frequency>1108.7305239074883</frequency>
    </note>
    <note>
        <name>D6</name>
        <frequency>1174.65907166963</frequency>
    </note>
    <note>
        <name>Eb6</name>
        <frequency>1244.5079348883235</frequency>
    </note>
    <note>
        <name>E6</name>
        <frequency>1318.5102276514797</frequency>
    </note>
    <note>
        <name>F6</name>
        <frequency>1396.9129257320153</frequency>
    </note>
    <note>
        <name>F#6</name>
        <frequency>1479.9776908465376</frequency>
    </note>
    <note>
        <name>G6</name>
        <frequency>1567.9817439269973</frequency>
    </note>
    <note>
        <name>G#6</name>
        <frequency>1661.2187903197803</frequency>
    </note>
    <note>
        <name>A6</name>
        <frequency>1759.9999999999998</frequency>
    </note>
    <note>
        <name>Bb6</name>
        <frequency>1864.6550460723597</frequency>
    </note>
    <note>
        <name>B6</name>
        <frequency>1975.5332050244963</frequency>
    </note>
    <note>
        <name>C7</name>
        <frequency>2093.004522404789</frequency>
    </note>
</ns2:scale>
