<?xml version="1.0" encoding="UTF-8" standalone="yes"?>
<ns2:constraints xmlns:ns2="http://www.wwidesigner.com/Constraints">
    <constraintsName>Large Hole Size</constraintsName>
    <objectiveDisplayName>Hole size only</objectiveDisplayName>
    <objectiveFunctionName>HoleSizeObjectiveFunction</objectiveFunctionName>
    <numberOfHoles>6</numberOfHoles>
    <constraint>
        <displayName>Hole 6 (top) diameter</displayName>
        <category>Hole size</category>
        <type>DIMENSIONAL</type>
        <lowerBound>0.004</lowerBound>
        <upperBound>0.01</upperBound>
    </constraint>
    <constraint>
        <displayName>Hole 5 diameter</displayName>
        <category>Hole size</category>
        <type>DIMENSIONAL</type>
        <lowerBound>0.004</lowerBound>
        <upperBound>0.01</upperBound>
    </constraint>
    <constraint>
        <displayName>Hole 4 diameter</displayName>
        <category>Hole size</category>
        <type>DIMENSIONAL</type>
        <lowerBound>0.004</lowerBound>
        <upperBound>0.01</upperBound>
    </constraint>
    <constraint>
        <displayName>Hole 3 diameter</displayName>
        <category>Hole size</category>
        <type>DIMENSIONAL</type>
        <lowerBound>0.004</lowerBound>
        <upperBound>0.01</upperBound>
    </constraint>
    <constraint>
        <displayName>Hole 2 diameter</displayName>
        <category>Hole size</category>
        <type>DIMENSIONAL</type>
        <lowerBound>0.004</lowerBound>
        <upperBound>0.011</upperBound>
    </constraint>
    <constraint>
        <displayName>Hole 1 (bottom) diameter</displayName>
        <category>Hole size</category>
        <type>DIMENSIONAL</type>
        <lowerBound>0.004</lowerBound>
        <upperBound>0.01</upperBound>
    </constraint>
</ns2:constraints>
