<?xml version="1.0" encoding="UTF-8" standalone="yes"?>
<ns2:tuning xmlns:ns2="http://www.wwidesigner.com/Tuning">
    <name>A3 chromatic ET with Wood Wind fingering</name>
    <comment>A440, NAF range</comment>
    <numberOfHoles>6</numberOfHoles>
    <fingering>
        <note>
            <name>A3</name>
            <frequency>220.0</frequency>
        </note>
        <openHole>false</openHole>
        <openHole>false</openHole>
        <openHole>false</openHole>
        <openHole>false</openHole>
        <openHole>false</openHole>
        <openHole>false</openHole>
    </fingering>
    <fingering>
        <note>
            <name>C4</name>
            <frequency>261.6255653005986</frequency>
        </note>
        <openHole>false</openHole>
        <openHole>false</openHole>
        <openHole>false</openHole>
        <openHole>false</openHole>
        <openHole>false</openHole>
        <openHole>true</openHole>
    </fingering>
    <fingering>
        <note>
            <name>C#4</name>
            <frequency>277.1826309768721</frequency>
        </note>
        <openHole>false</openHole>
        <openHole>false</openHole>
        <openHole>false</openHole>
        <openHole>false</openHole>
        <openHole>true</openHole>
        <openHole>false</openHole>
    </fingering>
    <fingering>
        <note>
            <name>D4</name>
            <frequency>293.6647679174076</frequency>
        </note>
        <openHole>false</openHole>
        <openHole>false</openHole>
        <openHole>false</openHole>
        <openHole>false</openHole>
        <openHole>true</openHole>
        <openHole>true</openHole>
    </fingering>
    <fingering>
        <note>
            <name>D#4</name>
            <frequency>311.1269837220809</frequency>
        </note>
        <openHole>false</openHole>
        <openHole>false</openHole>
        <openHole>false</openHole>
        <openHole>true</openHole>
        <openHole>false</openHole>
        <openHole>true</openHole>
    </fingering>
    <fingering>
        <note>
            <name>E4</name>
            <frequency>329.6275569128699</frequency>
        </note>
        <openHole>false</openHole>
        <openHole>false</openHole>
        <openHole>false</openHole>
        <openHole>true</openHole>
        <openHole>true</openHole>
        <openHole>true</openHole>
    </fingering>
    <fingering>
        <note>
            <name>F4</name>
            <frequency>349.2282314330039</frequency>
        </note>
        <openHole>false</openHole>
        <openHole>false</openHole>
        <openHole>true</openHole>
        <openHole>false</openHole>
        <openHole>true</openHole>
        <openHole>true</openHole>
    </fingering>
    <fingering>
        <note>
            <name>F#4</name>
            <frequency>369.99442271163446</frequency>
        </note>
        <openHole>false</openHole>
        <openHole>false</openHole>
        <openHole>true</openHole>
        <openHole>true</openHole>
        <openHole>true</openHole>
        <openHole>true</openHole>
    </fingering>
    <fingering>
        <note>
            <name>G4</name>
            <frequency>391.9954359817493</frequency>
        </note>
        <openHole>false</openHole>
        <openHole>true</openHole>
        <openHole>false</openHole>
        <openHole>true</openHole>
        <openHole>true</openHole>
        <openHole>true</openHole>
    </fingering>
    <fingering>
        <note>
            <name>G#4</name>
            <frequency>415.3046975799451</frequency>
        </note>
        <openHole>false</openHole>
        <openHole>true</openHole>
        <openHole>true</openHole>
        <openHole>true</openHole>
        <openHole>true</openHole>
        <openHole>true</openHole>
    </fingering>
    <fingering>
        <note>
            <name>A4</name>
            <frequency>440.0</frequency>
        </note>
        <openHole>true</openHole>
        <openHole>true</openHole>
        <openHole>false</openHole>
        <openHole>true</openHole>
        <openHole>true</openHole>
        <openHole>true</openHole>
    </fingering>
    <fingering>
        <note>
            <name>A#4 (open)</name>
            <frequency>466.1637615180899</frequency>
        </note>
        <openHole>true</openHole>
        <openHole>true</openHole>
        <openHole>true</openHole>
        <openHole>true</openHole>
        <openHole>true</openHole>
        <openHole>true</openHole>
    </fingering>
<!--    <fingering>
        <note>
            <name>A#4 (closed)</name>
            <frequency>466.1637615180899</frequency>
        </note>
        <openHole>false</openHole>
        <openHole>true</openHole>
        <openHole>false</openHole>
        <openHole>false</openHole>
        <openHole>false</openHole>
        <openHole>false</openHole>
    </fingering>  -->
    <fingering>
        <note>
            <name>B4</name>
            <frequency>493.8833012561241</frequency>
        </note>
        <openHole>true</openHole>
        <openHole>true</openHole>
        <openHole>false</openHole>
        <openHole>false</openHole>
        <openHole>false</openHole>
        <openHole>false</openHole>
    </fingering>
<!--    <fingering>
        <note>
            <name>B4, alt fingering</name>
            <frequency>493.8833012561241</frequency>
        </note>
        <openHole>true</openHole>
        <openHole>true</openHole>
        <openHole>false</openHole>
        <openHole>false</openHole>
        <openHole>true</openHole>
        <openHole>false</openHole>
    </fingering>  -->
    <fingering>
        <note>
            <name>C5</name>
            <frequency>523.2511306011972</frequency>
        </note>
        <openHole>true</openHole>
        <openHole>true</openHole>
        <openHole>false</openHole>
        <openHole>false</openHole>
        <openHole>false</openHole>
        <openHole>true</openHole>
    </fingering>
<!--    <fingering>
        <note>
            <name>C#5</name>
            <frequency>554.3652619537442</frequency>
        </note>
        <openHole>true</openHole>
        <openHole>true</openHole>
        <openHole>false</openHole>
        <openHole>false</openHole>
        <openHole>true</openHole>
        <openHole>true</openHole>
    </fingering>  -->
</ns2:tuning>