<?xml version="1.0" encoding="UTF-8"?>
<wit:tuning xmlns:wit="http://www.wwidesigner.com/Tuning"
	xmlns:xsi="http://www.w3.org/2001/XMLSchema-instance"
	xsi:schemaLocation="http://www.wwidesigner.com/Tuning ../../../../../main/com/wwidesigner/note/bind/Tuning.xsd ">
	<name>Bb verdi 7 hole NAF tuning</name>
	<comment>Verdi tuning for Bb 7 Hole NAF.xml</comment>
	<numberOfHoles>6</numberOfHoles>
	<fingering>
		<note>
			<name>Bb4</name>
			<frequency>457.63</frequency>
		</note>
		<openHole>false</openHole>
		<openHole>false</openHole>
		<openHole>false</openHole>
		<openHole>false</openHole>
		<openHole>false</openHole>
		<openHole>false</openHole>
		<openHole>false</openHole>
	</fingering>
	<fingering>
		<note>
			<name>C5</name>
			<frequency>513.67</frequency>
		</note>
		<openHole>false</openHole>
		<openHole>false</openHole>
		<openHole>false</openHole>
		<openHole>false</openHole>
		<openHole>false</openHole>
		<openHole>false</openHole>
		<openHole>true</openHole>
	</fingering>
 	<fingering>
		<note>
			<name>C#5</name>
			<frequency>544.21</frequency>
		</note>
		<openHole>false</openHole>
		<openHole>false</openHole>
		<openHole>false</openHole>
		<openHole>false</openHole>
		<openHole>false</openHole>
		<openHole>true</openHole>
		<openHole>true</openHole>
	</fingering>
	<fingering>
		<note>
			<name>D5</name>
			<frequency>576.57</frequency>
		</note>
		<openHole>false</openHole>
		<openHole>false</openHole>
		<openHole>false</openHole>
		<openHole>false</openHole>
		<openHole>true</openHole>
		<openHole>false</openHole>
		<openHole>false</openHole>
	</fingering>
	<fingering>
		<note>
			<name>D#5</name>
			<frequency>610.86</frequency>
		</note>
		<openHole>false</openHole>
		<openHole>false</openHole>
		<openHole>false</openHole>
		<openHole>false</openHole>
		<openHole>true</openHole>
		<openHole>true</openHole>
		<openHole>true</openHole>
	</fingering>
  	<fingering>
		<note>
			<name>E5</name>
			<frequency>647.18</frequency>
		</note>
		<openHole>false</openHole>
		<openHole>false</openHole>
		<openHole>false</openHole>
		<openHole>true</openHole>
		<openHole>false</openHole>
		<openHole>false</openHole>
		<openHole>true</openHole>
	</fingering>
	<fingering>
		<note>
			<name>F5</name>
			<frequency>685.66</frequency>
		</note>
		<openHole>false</openHole>
		<openHole>false</openHole>
		<openHole>false</openHole>
		<openHole>true</openHole>
		<openHole>true</openHole>
		<openHole>true</openHole>
		<openHole>true</openHole>
	</fingering>
 	<fingering>
		<note>
			<name>F#5</name>
			<frequency>726.44</frequency>
		</note>
		<openHole>false</openHole>
		<openHole>false</openHole>
		<openHole>true</openHole>
		<openHole>false</openHole>
		<openHole>true</openHole>
		<openHole>true</openHole>
		<openHole>true</openHole>
	</fingering>
	<fingering>
		<note>
			<name>G5</name>
			<frequency>769.63</frequency>
		</note>
		<openHole>false</openHole>
		<openHole>false</openHole>
		<openHole>true</openHole>
		<openHole>true</openHole>
		<openHole>true</openHole>
		<openHole>true</openHole>
		<openHole>true</openHole>
	</fingering>
	<fingering>
		<note>
			<name>G#5</name>
			<frequency>815.4</frequency>
		</note>
		<openHole>false</openHole>
		<openHole>true</openHole>
		<openHole>false</openHole>
		<openHole>true</openHole>
		<openHole>true</openHole>
		<openHole>true</openHole>
		<openHole>true</openHole>
	</fingering>
	<fingering>
		<note>
			<name>A5</name>
			<frequency>863.88</frequency>
		</note>
		<openHole>false</openHole>
		<openHole>true</openHole>
		<openHole>true</openHole>
		<openHole>true</openHole>
		<openHole>true</openHole>
		<openHole>true</openHole>
		<openHole>true</openHole>
	</fingering>
	<fingering>
		<note>
			<name>Bb5</name>
			<frequency>915.25</frequency>
		</note>
		<openHole>true</openHole>
		<openHole>true</openHole>
		<openHole>false</openHole>
		<openHole>true</openHole>
		<openHole>true</openHole>
		<openHole>true</openHole>
		<openHole>true</openHole>
	</fingering>
  	<fingering>
		<note>
			<name>B5</name>
			<frequency>969.68</frequency>
		</note>
		<openHole>true</openHole>
		<openHole>true</openHole>
		<openHole>true</openHole>
		<openHole>true</openHole>
		<openHole>true</openHole>
		<openHole>true</openHole>
		<openHole>true</openHole>
	</fingering>
	<fingering>
		<note>
			<name>C6</name>
			<frequency>1027.34</frequency>
		</note>
		<openHole>true</openHole>
		<openHole>true</openHole>
		<openHole>false</openHole>
		<openHole>false</openHole>
		<openHole>false</openHole>
		<openHole>false</openHole>
		<openHole>false</openHole>
	</fingering>
	<fingering>
		<note>
			<name>C#6</name>
			<frequency>1088.43</frequency>
		</note>
		<openHole>true</openHole>
		<openHole>true</openHole>
		<openHole>false</openHole>
		<openHole>false</openHole>
		<openHole>false</openHole>
		<openHole>true</openHole>
		<openHole>true</openHole>
	</fingering>
</wit:tuning>