<?xml version="1.0" encoding="UTF-8" standalone="yes"?>
<ns2:instrument xmlns:ns2="http://www.wwidesigner.com/Instrument">
    <name>1-1/4" bore, 6-hole NAF start</name>
    <description>Base NAF file for creating a flute in the key of B3 or thereabouts, with an 18:1 bore length to diameter ratio.</description>
    <lengthType>in</lengthType>
    <mouthpiece>
        <position>0.18000116640346414</position>
        <fipple>
            <windowLength>0.18000116640346414</windowLength>
            <windowWidth>0.6250010125005468</windowWidth>
            <fippleFactor>0.75</fippleFactor>
            <windwayHeight>0.03200020736061585</windwayHeight>
        </fipple>
    </mouthpiece>
    <borePoint>
        <borePosition>0.0</borePosition>
        <boreDiameter>1.2500020250010937</boreDiameter>
    </borePoint>
    <borePoint>
        <borePosition>22.225698986295193</borePosition>
        <boreDiameter>1.2500020250010833</boreDiameter>
    </borePoint>
    <hole>
        <name>Hole 6</name>
        <borePosition>6.893459885237674</borePosition>
        <diameter>0.36281461665029374</diameter>
        <height>0.18800121824361807</height>
    </hole>
    <hole>
        <name>Hole 5</name>
        <borePosition>8.034772829053852</borePosition>
        <diameter>0.3893586466135615</diameter>
        <height>0.18800121824361807</height>
    </hole>
    <hole>
        <name>Hole 4</name>
        <borePosition>9.17608577287003</borePosition>
        <diameter>0.3504899535149196</diameter>
        <height>0.18800121824361807</height>
    </hole>
    <hole>
        <name>Hole 3</name>
        <borePosition>11.529599163166099</borePosition>
        <diameter>0.4238893084352499</diameter>
        <height>0.18800121824361807</height>
    </hole>
    <hole>
        <name>Hole 2</name>
        <borePosition>12.77945529923912</borePosition>
        <diameter>0.3322799627731362</diameter>
        <height>0.18800121824361807</height>
    </hole>
    <hole>
        <name>Hole 1</name>
        <borePosition>14.029311435312142</borePosition>
        <diameter>0.3105937189987386</diameter>
        <height>0.18800121824361807</height>
    </hole>
    <termination>
        <flangeDiameter>1.6250026325014215</flangeDiameter>
    </termination>
</ns2:instrument>
