<?xml version="1.0" encoding="UTF-8" standalone="yes"?>
<ns2:scale xmlns:ns2="http://www.wwidesigner.com/Tuning">
    <name>D4 ET chromatic, A440</name>
    <comment>In range of NAF</comment>
    <note>
        <name>D4</name>
        <frequency>293.6647679174076</frequency>
    </note>
    <note>
        <name>D#4</name>
        <frequency>311.1269837220809</frequency>
    </note>
    <note>
        <name>E4</name>
        <frequency>329.62755691287</frequency>
    </note>
    <note>
        <name>F4</name>
        <frequency>349.2282314330039</frequency>
    </note>
    <note>
        <name>F#4</name>
        <frequency>369.9944227116344</frequency>
    </note>
    <note>
        <name>G4</name>
        <frequency>391.9954359817493</frequency>
    </note>
    <note>
        <name>G#4</name>
        <frequency>415.3046975799452</frequency>
    </note>
    <note>
        <name>A4</name>
        <frequency>440.0</frequency>
    </note>
    <note>
        <name>A#4</name>
        <frequency>466.1637615180899</frequency>
    </note>
    <note>
        <name>B4</name>
        <frequency>493.8833012561242</frequency>
    </note>
    <note>
        <name>C5</name>
        <frequency>523.2511306011974</frequency>
    </note>
    <note>
        <name>C#5</name>
        <frequency>554.3652619537443</frequency>
    </note>
    <note>
        <name>D5</name>
        <frequency>587.3295358348151</frequency>
    </note>
    <note>
        <name>D#5</name>
        <frequency>622.2539674441618</frequency>
    </note>
    <note>
        <name>E5</name>
        <frequency>659.25511382574</frequency>
    </note>
    <note>
        <name>F5</name>
        <frequency>698.4564628660078</frequency>
    </note>
    <note>
        <name>F#5</name>
        <frequency>739.9888454232688</frequency>
    </note>
</ns2:scale>
