<?xml version="1.0" encoding="UTF-8"?>
<wii:instrument xmlns:wii="http://www.wwidesigner.com/Instrument"
	xmlns:xsi="http://www.w3.org/2001/XMLSchema-instance"
	xsi:schemaLocation="http://www.wwidesigner.com/Instrument ../../../../../main/com/wwidesigner/geometry/bind/Instrument.xsd ">
	<name>Bb limba 7-hole, init</name>
	<description>Straight bore NAF with no holes</description>
	<lengthType>in</lengthType>
	<mouthpiece>
		<position>0.15</position>
		<fipple>
			<windowLength>0.15</windowLength>
			<windowWidth>0.536</windowWidth>
			<fippleFactor>0.773547</fippleFactor>
		</fipple>
	</mouthpiece>
	<borePoint>
		<borePosition>-0.03</borePosition>
		<boreDiameter>0.920</boreDiameter>
	</borePoint>
	<borePoint>
		<borePosition>4.17</borePosition>
		<boreDiameter>0.898</boreDiameter>
	</borePoint>
	<borePoint>
		<borePosition>8.27</borePosition>
		<boreDiameter>0.904</boreDiameter>
	</borePoint>
	<borePoint>
		<borePosition>11.83</borePosition>
		<boreDiameter>0.901</boreDiameter>
	</borePoint>
	<termination>
		<flangeDiameter>1.258</flangeDiameter>
	</termination>
</wii:instrument>