<?xml version="1.0" encoding="UTF-8" standalone="yes"?>
<ns2:instrument xmlns:ns2="http://www.wwidesigner.com/Instrument">
    <name>Eric Reiswig smallpipe chanter</name>
    <description>CPVC and brass smallpipe chanter in A described by Eric Reiswig, at http://www3.telus.net/ereiswig/ssp_make.htm.
Two always-open holes, drilled through entire tube, at bottom.</description>
    <lengthType>mm</lengthType>
    <mouthpiece>
        <position>-40.0</position>
        <doubleReed>
            <alpha>1.8</alpha>
            <crowFreq>466.0</crowFreq>
        </doubleReed>
        <beta>0.09</beta>
    </mouthpiece>
    <borePoint>
        <borePosition>-40.0</borePosition>
        <boreDiameter>3.5</boreDiameter>
    </borePoint>
    <borePoint>
        <borePosition>-32.0</borePosition>
        <boreDiameter>4.0</boreDiameter>
    </borePoint>
    <borePoint>
        <borePosition>8.0</borePosition>
        <boreDiameter>4.0</boreDiameter>
    </borePoint>
    <borePoint>
        <borePosition>9.0</borePosition>
        <boreDiameter>4.8</boreDiameter>
    </borePoint>
    <borePoint>
        <borePosition>362.0</borePosition>
        <boreDiameter>4.8</boreDiameter>
    </borePoint>
    <hole>
        <name>Thumb</name>
        <borePosition>93.7</borePosition>
        <diameter>4.0</diameter>
        <height>5.5</height>
    </hole>
    <hole>
        <name>T1</name>
        <borePosition>115.9002</borePosition>
        <diameter>4.0</diameter>
        <height>5.5</height>
    </hole>
    <hole>
        <name>T2</name>
        <borePosition>130.2</borePosition>
        <diameter>4.8</diameter>
        <height>5.5</height>
    </hole>
    <hole>
        <name>T3</name>
        <borePosition>155.6</borePosition>
        <diameter>4.0</diameter>
        <height>5.5</height>
    </hole>
    <hole>
        <name>B1</name>
        <borePosition>181.0</borePosition>
        <diameter>3.2</diameter>
        <height>5.5</height>
    </hole>
    <hole>
        <name>B2</name>
        <borePosition>206.4</borePosition>
        <diameter>4.8</diameter>
        <height>5.5</height>
    </hole>
    <hole>
        <name>B3</name>
        <borePosition>238.1</borePosition>
        <diameter>4.0</diameter>
        <height>5.5</height>
    </hole>
    <hole>
        <name>B4</name>
        <borePosition>268.30019999999996</borePosition>
        <diameter>3.2</diameter>
        <height>5.5</height>
    </hole>
    <hole>
        <name>Open</name>
        <borePosition>320.68</borePosition>
        <diameter>4.8</diameter>
        <height>5.5</height>
    </hole>
    <hole>
        <name>Open</name>
        <borePosition>320.7</borePosition>
        <diameter>4.8</diameter>
        <height>5.5</height>
    </hole>
    <termination>
        <flangeDiameter>15.900008586000002</flangeDiameter>
    </termination>
</ns2:instrument>
