<?xml version="1.0" encoding="UTF-8" standalone="yes"?>
<ns2:instrument xmlns:ns2="http://www.wwidesigner.com/Instrument">
    <name>7/8" bore, 6-hole NAF start</name>
    <description>Base NAF file for creating a flute in the key of F#4 or thereabouts, with an 18:1 bore length to diameter ratio.</description>
    <lengthType>in</lengthType>
    <mouthpiece>
        <position>0.18000068040110218</position>
        <fipple>
            <windowLength>0.18000068040110218</windowLength>
            <windowWidth>0.4375004725001275</windowWidth>
            <fippleFactor>0.75</fippleFactor>
            <windwayHeight>0.03200012096019596</windwayHeight>
        </fipple>
    </mouthpiece>
    <borePoint>
        <borePosition>0.0</borePosition>
        <boreDiameter>0.875000945000255</boreDiameter>
    </borePoint>
    <borePoint>
        <borePosition>15.109408399232331</borePosition>
        <boreDiameter>0.8750009450002563</boreDiameter>
    </borePoint>
    <hole>
        <name>Hole 6</name>
        <borePosition>3.959212664894193</borePosition>
        <diameter>0.2408464813400684</diameter>
        <height>0.18800071064115115</height>
    </hole>
    <hole>
        <name>Hole 5</name>
        <borePosition>5.054102385022532</borePosition>
        <diameter>0.2790624916645448</diameter>
        <height>0.18800071064115115</height>
    </hole>
    <hole>
        <name>Hole 4</name>
        <borePosition>6.148992105150873</borePosition>
        <diameter>0.2723200886824858</diameter>
        <height>0.18800071064115115</height>
    </hole>
    <hole>
        <name>Hole 3</name>
        <borePosition>7.867027418652117</borePosition>
        <diameter>0.33197753877443226</diameter>
        <height>0.18800071064115115</height>
    </hole>
    <hole>
        <name>Hole 2</name>
        <borePosition>9.112015960369984</borePosition>
        <diameter>0.3105600795406718</diameter>
        <height>0.18800071064115115</height>
    </hole>
    <hole>
        <name>Hole 1</name>
        <borePosition>10.35700450208785</borePosition>
        <diameter>0.314953082666538</diameter>
        <height>0.18800071064115115</height>
    </hole>
    <termination>
        <flangeDiameter>1.2500013500003648</flangeDiameter>
    </termination>
</ns2:instrument>
