<?xml version="1.0" encoding="UTF-8" standalone="yes"?>
<ns2:instrument xmlns:ns2="http://www.wwidesigner.com/Instrument">
    <name>1-1/4" bore, 6-hole NAF start</name>
    <description>Base NAF file for creating a flute in the key of B3 or thereabouts, with an 18:1 bore length to diameter ratio.</description>
    <lengthType>in</lengthType>
    <mouthpiece>
        <position>0.18000116640346414</position>
        <fipple>
            <windowLength>0.18000116640346414</windowLength>
            <windowWidth>0.6250010125005468</windowWidth>
            <fippleFactor>0.75</fippleFactor>
            <windwayHeight>0.03200020736061585</windwayHeight>
        </fipple>
    </mouthpiece>
    <borePoint>
        <borePosition>0.0</borePosition>
        <boreDiameter>1.2500020250010937</boreDiameter>
    </borePoint>
    <borePoint>
        <borePosition>22.222725450738515</borePosition>
        <boreDiameter>1.250002025001083</boreDiameter>
    </borePoint>
    <hole>
        <name>Hole 6</name>
        <borePosition>6.891722779157808</borePosition>
        <diameter>0.36936198623221533</diameter>
        <height>0.1880012182436181</height>
    </hole>
    <hole>
        <name>Hole 5</name>
        <borePosition>8.028795688345417</borePosition>
        <diameter>0.395312815615704</diameter>
        <height>0.1880012182436181</height>
    </hole>
    <hole>
        <name>Hole 4</name>
        <borePosition>9.165868597533024</borePosition>
        <diameter>0.3563181490605829</diameter>
        <height>0.1880012182436181</height>
    </hole>
    <hole>
        <name>Hole 3</name>
        <borePosition>11.5175261489771</borePosition>
        <diameter>0.4282302458938577</diameter>
        <height>0.1880012182436181</height>
    </hole>
    <hole>
        <name>Hole 2</name>
        <borePosition>12.767524485950194</borePosition>
        <diameter>0.33763871914567434</diameter>
        <height>0.1880012182436181</height>
    </hole>
    <hole>
        <name>Hole 1</name>
        <borePosition>14.017522822923288</borePosition>
        <diameter>0.31615503928894845</diameter>
        <height>0.1880012182436181</height>
    </hole>
    <termination>
        <flangeDiameter>1.6250026325014215</flangeDiameter>
    </termination>
</ns2:instrument>
